label,time,mle_phc_mse,mean_phc_mse,phc_granularity,n_steps
1_1,142.63983702659607,0.14916666756073657,0.12583333184321738,10,10000
1_2,142.35618042945862,0.021249999552965183,0.021249999552965183,10,10000
2_1,142.6673916975657,0.059166666393478735,0.055833333358168626,10,10000
2_2,141.98511306444803,0.016249999292194863,0.016249999292194863,10,10000
3_1,142.08119869232178,0.1325,0.1325,10,10000
3_2,143.08270200093588,0.10624998867511777,0.10624998867511777,10,10000
