label,time,mle_phc_mse,mean_phc_mse,phc_granularity,n_steps
1_1,707.4202127456665,0.13165833475055808,0.20622500786458473,100,1000
1_2,695.03657746315,0.019125002101063784,0.019125002101063784,100,1000
2_1,705.5900863011678,0.09889166231354095,0.07642499081492458,100,1000
2_2,696.9779229164124,0.09112498953938529,0.09112498953938529,100,1000
3_1,705.8156414031982,0.043625004976987986,0.043625004976987986,100,1000
3_2,705.8828146457672,0.06812500897049939,0.06812500897049939,100,1000
