label,time,mle_phc_mse,mean_phc_mse,phc_granularity,n_steps
4_3,83.8444157441457,0.17583333576718987,0.15138889173666656,10,1000
4_4,79.61465366681416,0.13361110682288813,0.09805555442969018,10,1000
5_3,77.65284872055054,0.22694444641470932,0.24694444975091379,10,1000
5_4,78.4907139937083,0.10472222155994855,0.11361111289925067,10,1000
6_3,78.42676130930583,0.10916666660043951,0.20250000894069697,10,1000
6_4,77.64480336507161,0.13361111125184458,0.07583333562645661,10,1000
