label,time,mle_phc_mse,mean_phc_mse,phc_granularity,n_steps
1_1,14.627906656265258,0.04650000002235179,0.0764999964460732,10,1000
1_2,14.06343092918396,0.19125001341104536,0.19125001341104536,10,1000
2_1,13.99333176612854,0.13650000392645611,0.15050000529736302,10,1000
2_2,13.926477813720703,0.1712499976158143,0.1712499976158143,10,1000
3_1,14.034706830978394,0.10249999433755883,0.10249999433755883,10,1000
3_2,13.937841987609863,0.03124999750405557,0.03124999750405557,10,1000
